model,ANI-BenchMD,DrugBank-SFCl,DrugBank-testset,GDB-heavy07,GDB-heavy08,GDB-heavy09,GDB-heavy10,GDB-heavy11,GDB11-07,GDB11-08,GDB11-09,GDB11-10,GDB11-11,GDB13-12,GDB13-13,S66x8-v1,Tripeptides-sulphur,Tripeptides-v1,mean
ANI-2x[0],5.764223871772774,5.711285531306243,4.12208844959472,0.9565581384040032,1.2111656259103976,1.4946692962741712,1.8706891500208247,2.6167292545900627,1.1107811154356202,1.3836018806623342,1.7876649893460128,2.186735940776946,2.927869262183019,3.463651558039849,4.102763484000955,0.6625682209962659,2.937003545957802,3.004614570549016,2.4441435302381316
obiwan,15.256380131562858,6.887354483285439,6.092382902921454,1.1344231869366268,1.3859126362315766,2.025012014039656,2.358878086303538,3.310563571110762,1.1219914648327576,1.3572195287933588,1.6815974979040842,2.214077602029553,2.989979615992448,3.7249430092407874,4.543725650772333,0.7861508046488419,3.0877426838769995,4.466458264915024,2.892259588460896
